{
    "timestamp": "20250401_190720",
    "iteration": 1,
    "total_examples": 777,
    "correct_examples": 131,
    "error_examples": 646,
    "emotion_accuracy": 0.3127413127413127,
    "sub_emotion_accuracy": 0.6383526383526383,
    "intensity_accuracy": 0.444015444015444,
    "overall_accuracy": 0.16859716859716858,
    "performance_metrics": {
        "overall": {
            "total_examples": 777,
            "correct_examples": 131,
            "error_examples": 646,
            "accuracy": 0.16859716859716858
        },
        "task_specific": {
            "emotion": {
                "accuracy": 0.3127413127413127,
                "confidence": 0.5121496915817261
            },
            "sub_emotion": {
                "accuracy": 0.6383526383526383,
                "confidence": 0.37823551893234253
            },
            "intensity": {
                "accuracy": 0.444015444015444,
                "confidence": 0.5200281739234924
            }
        },
        "confidence_analysis": {
            "Very Low": {
                "count": 156,
                "accuracy": 0.0
            },
            "Low": {
                "count": 155,
                "accuracy": 0.0064516129032258064
            },
            "High": {
                "count": 155,
                "accuracy": 0.17419354838709677
            },
            "Medium": {
                "count": 155,
                "accuracy": 0.04516129032258064
            },
            "Very High": {
                "count": 156,
                "accuracy": 0.6153846153846154
            }
        }
    },
    "error_analysis": {
        "error_counts": {
            "emotion_only": 106,
            "sub_emotion_only": 7,
            "intensity_only": 82,
            "emotion_and_sub": 101,
            "emotion_and_intensity": 177,
            "sub_and_intensity": 23,
            "all_wrong": 150
        },
        "emotion_confusion": [
            {
                "true_emotion": "neutral",
                "pred_emotion": "happiness",
                "avg_confidence": 0.585969865322113,
                "count": 281
            },
            {
                "true_emotion": "neutral",
                "pred_emotion": "surprise",
                "avg_confidence": 0.50374436378479,
                "count": 86
            },
            {
                "true_emotion": "neutral",
                "pred_emotion": "sadness",
                "avg_confidence": 0.4127323031425476,
                "count": 46
            },
            {
                "true_emotion": "neutral",
                "pred_emotion": "fear",
                "avg_confidence": 0.3531978726387024,
                "count": 36
            },
            {
                "true_emotion": "neutral",
                "pred_emotion": "disgust",
                "avg_confidence": 0.3527235984802246,
                "count": 35
            },
            {
                "true_emotion": "neutral",
                "pred_emotion": "anger",
                "avg_confidence": 0.3371334373950958,
                "count": 32
            },
            {
                "true_emotion": "happiness",
                "pred_emotion": "fear",
                "avg_confidence": 0.44278398156166077,
                "count": 7
            },
            {
                "true_emotion": "surprise",
                "pred_emotion": "happiness",
                "avg_confidence": 0.5793842673301697,
                "count": 3
            },
            {
                "true_emotion": "happiness",
                "pred_emotion": "anger",
                "avg_confidence": 0.3751397728919983,
                "count": 2
            },
            {
                "true_emotion": "happiness",
                "pred_emotion": "sadness",
                "avg_confidence": 0.4935874938964844,
                "count": 2
            }
        ],
        "sub_emotion_confusion": [
            {
                "true_sub_emotion": "neutral",
                "pred_sub_emotion": "admiration",
                "avg_confidence": 0.18361122906208038,
                "count": 70
            },
            {
                "true_sub_emotion": "neutral",
                "pred_sub_emotion": "gratitude",
                "avg_confidence": 0.14794160425662994,
                "count": 35
            },
            {
                "true_sub_emotion": "neutral",
                "pred_sub_emotion": "curiosity",
                "avg_confidence": 0.4428408443927765,
                "count": 29
            },
            {
                "true_sub_emotion": "neutral",
                "pred_sub_emotion": "approval",
                "avg_confidence": 0.14544998109340668,
                "count": 26
            },
            {
                "true_sub_emotion": "neutral",
                "pred_sub_emotion": "confusion",
                "avg_confidence": 0.4363570809364319,
                "count": 23
            },
            {
                "true_sub_emotion": "neutral",
                "pred_sub_emotion": "optimism",
                "avg_confidence": 0.1531400829553604,
                "count": 22
            },
            {
                "true_sub_emotion": "neutral",
                "pred_sub_emotion": "annoyance",
                "avg_confidence": 0.13714464008808136,
                "count": 14
            },
            {
                "true_sub_emotion": "neutral",
                "pred_sub_emotion": "disapproval",
                "avg_confidence": 0.21099449694156647,
                "count": 8
            },
            {
                "true_sub_emotion": "admiration",
                "pred_sub_emotion": "neutral",
                "avg_confidence": 0.2940658628940582,
                "count": 4
            },
            {
                "true_sub_emotion": "pride",
                "pred_sub_emotion": "neutral",
                "avg_confidence": 0.21726684272289276,
                "count": 4
            }
        ],
        "intensity_confusion": [
            {
                "true_intensity": "moderate",
                "pred_intensity": "mild",
                "avg_confidence": 0.47551578283309937,
                "count": 132
            },
            {
                "true_intensity": "mild",
                "pred_intensity": "neutral",
                "avg_confidence": 0.5793663263320923,
                "count": 75
            },
            {
                "true_intensity": "neutral",
                "pred_intensity": "mild",
                "avg_confidence": 0.480759859085083,
                "count": 62
            },
            {
                "true_intensity": "moderate",
                "pred_intensity": "neutral",
                "avg_confidence": 0.5134173035621643,
                "count": 53
            },
            {
                "true_intensity": "mild",
                "pred_intensity": "moderate",
                "avg_confidence": 0.385405957698822,
                "count": 43
            },
            {
                "true_intensity": "neutral",
                "pred_intensity": "moderate",
                "avg_confidence": 0.39208894968032837,
                "count": 19
            },
            {
                "true_intensity": "intense",
                "pred_intensity": "moderate",
                "avg_confidence": 0.39842283725738525,
                "count": 18
            },
            {
                "true_intensity": "intense",
                "pred_intensity": "mild",
                "avg_confidence": 0.4355010986328125,
                "count": 17
            },
            {
                "true_intensity": "intense",
                "pred_intensity": "neutral",
                "avg_confidence": 0.4886071979999542,
                "count": 13
            }
        ],
        "length_stats": [
            {
                "('all_correct', 'mean')": 0.191,