{
    "timestamp": "20250401_230939",
    "iteration": 3,
    "total_examples": 777,
    "correct_examples": 166,
    "error_examples": 611,
    "emotion_accuracy": 0.38481338481338484,
    "sub_emotion_accuracy": 0.631917631917632,
    "intensity_accuracy": 0.4568854568854569,
    "overall_accuracy": 0.21364221364221364,
    "performance_metrics": {
        "overall": {
            "total_examples": 777,
            "correct_examples": 166,
            "error_examples": 611,
            "accuracy": 0.21364221364221364
        },
        "task_specific": {
            "emotion": {
                "accuracy": 0.38481338481338484,
                "confidence": 0.4812818467617035
            },
            "sub_emotion": {
                "accuracy": 0.631917631917632,
                "confidence": 0.42039522528648376
            },
            "intensity": {
                "accuracy": 0.4568854568854569,
                "confidence": 0.5567870736122131
            }
        },
        "confidence_analysis": {
            "Very Low": {
                "count": 156,
                "accuracy": 0.00641025641025641
            },
            "Low": {
                "count": 155,
                "accuracy": 0.01935483870967742
            },
            "High": {
                "count": 155,
                "accuracy": 0.3548387096774194
            },
            "Very High": {
                "count": 156,
                "accuracy": 0.6538461538461539
            },
            "Medium": {
                "count": 155,
                "accuracy": 0.03225806451612903
            }
        }
    },
    "error_analysis": {
        "error_counts": {
            "emotion_only": 76,
            "sub_emotion_only": 9,
            "intensity_only": 106,
            "emotion_and_sub": 104,
            "emotion_and_intensity": 143,
            "sub_and_intensity": 18,
            "all_wrong": 155
        },
        "emotion_confusion": [
            {
                "true_emotion": "neutral",
                "pred_emotion": "happiness",
                "avg_confidence": 0.585096001625061,
                "count": 273
            },
            {
                "true_emotion": "neutral",
                "pred_emotion": "surprise",
                "avg_confidence": 0.35871416330337524,
                "count": 60
            },
            {
                "true_emotion": "neutral",
                "pred_emotion": "sadness",
                "avg_confidence": 0.31913599371910095,
                "count": 57
            },
            {
                "true_emotion": "neutral",
                "pred_emotion": "disgust",
                "avg_confidence": 0.2912892699241638,
                "count": 31
            },
            {
                "true_emotion": "neutral",
                "pred_emotion": "fear",
                "avg_confidence": 0.24575351178646088,
                "count": 25
            },
            {
                "true_emotion": "neutral",
                "pred_emotion": "anger",
                "avg_confidence": 0.23853950202465057,
                "count": 12
            },
            {
                "true_emotion": "surprise",
                "pred_emotion": "happiness",
                "avg_confidence": 0.5351565480232239,
                "count": 6
            },
            {
                "true_emotion": "fear",
                "pred_emotion": "sadness",
                "avg_confidence": 0.3156164288520813,
                "count": 4
            },
            {
                "true_emotion": "anger",
                "pred_emotion": "sadness",
                "avg_confidence": 0.3098311126232147,
                "count": 3
            },
            {
                "true_emotion": "happiness",
                "pred_emotion": "disgust",
                "avg_confidence": 0.24992719292640686,
                "count": 2
            }
        ],
        "sub_emotion_confusion": [
            {
                "true_sub_emotion": "neutral",
                "pred_sub_emotion": "admiration",
                "avg_confidence": 0.14876461029052734,
                "count": 104
            },
            {
                "true_sub_emotion": "neutral",
                "pred_sub_emotion": "disapproval",
                "avg_confidence": 0.17746931314468384,
                "count": 68
            },
            {
                "true_sub_emotion": "neutral",
                "pred_sub_emotion": "curiosity",
                "avg_confidence": 0.5654305219650269,
                "count": 43
            },
            {
                "true_sub_emotion": "neutral",
                "pred_sub_emotion": "confusion",
                "avg_confidence": 0.2795552909374237,
                "count": 24
            },
            {
                "true_sub_emotion": "excitement",
                "pred_sub_emotion": "neutral",
                "avg_confidence": 0.18248474597930908,
                "count": 5
            },
            {
                "true_sub_emotion": "pride",
                "pred_sub_emotion": "neutral",
                "avg_confidence": 0.31016674637794495,
                "count": 3
            },
            {
                "true_sub_emotion": "neutral",
                "pred_sub_emotion": "approval",
                "avg_confidence": 0.12200150638818741,
                "count": 3
            },
            {
                "true_sub_emotion": "nervousness",
                "pred_sub_emotion": "disapproval",
                "avg_confidence": 0.12184089422225952,
                "count": 3
            },
            {
                "true_sub_emotion": "admiration",
                "pred_sub_emotion": "neutral",
                "avg_confidence": 0.17488299310207367,
                "count": 3
            },
            {
                "true_sub_emotion": "surprise",
                "pred_sub_emotion": "neutral",
                "avg_confidence": 0.2889191508293152,
                "count": 3
            }
        ],
        "intensity_confusion": [
            {
                "true_intensity": "moderate",
                "pred_intensity": "mild",
                "avg_confidence": 0.48415452241897583,
                "count": 138
            },
            {
                "true_intensity": "mild",
                "pred_intensity": "neutral",
                "avg_confidence": 0.6496245861053467,
                "count": 69
            },
            {
                "true_intensity": "neutral",
                "pred_intensity": "mild",
                "avg_confidence": 0.49332195520401,
                "count": 50
            },
            {
                "true_intensity": "moderate",
                "pred_intensity": "neutral",
                "avg_confidence": 0.5668851137161255,
                "count": 49
            },
            {
                "true_intensity": "mild",
                "pred_intensity": "moderate",
                "avg_confidence": 0.442872554063797,
                "count": 48
            },
            {
                "true_intensity": "intense",
                "pred_intensity": "mild",
                "avg_confidence": 0.4113263487815857,
                "count": 20
            },
            {
                "true_intensity": "neutral",
                "pred_intensity": "moderate",
                "avg_confidence": 0.43373870849609375,
                "count": 20
            },
            {
                "true_intensity": "intense",
                "pred_intensity": "moderate",
                "avg_confidence": 0.4521886110305786,
                "count": 18
            },
            {
                "true_intensity": "intense",
                "pred_intensity": "neutral",
                "avg_confidence": 0.4957621693611145,
                "count": 10
            }
        ],
        "length_stats": [
            {
                "('all_correct', 'mean')": 0.235,